[
    {
        "id": 1,
        "first_name": "Frances",
        "last_name": "Poole",
        "gender": "Female",
        "brand": "Volkswagen",
        "year": 2013,
        "color": "Green",
        "country": "NZ"
    },
    {
        "id": 2,
        "first_name": "Brian",
        "last_name": "Dunn",
        "gender": "Female",
        "brand": "BMW",
        "year": 2013,
        "color": "White",
        "country": "ES"
    },
    {
        "id": 3,
        "first_name": "Jacob",
        "last_name": "Adams",
        "gender": "Male",
        "brand": "Ford",
        "year": 2003,
        "color": "Red",
        "country": "KR"
    },
    {
        "id": 4,
        "first_name": "Rebekah",
        "last_name": "Wright",
        "gender": "Female",
        "brand": "Audi",
        "year": 1983,
        "color": "Blue",
        "country": "IN"
    },
    {
        "id": 5,
        "first_name": "Thomas",
        "last_name": "Sanchez",
        "gender": "Female",
        "brand": "Honda",
        "year": 2011,
        "color": "White",
        "country": "CA"
    },
    {
        "id": 6,
        "first_name": "Eric",
        "last_name": "Ellis",
        "gender": "Male",
        "brand": "Kia",
        "year": 1984,
        "color": "Purple",
        "country": "BR"
    },
    {
        "id": 7,
        "first_name": "Harry",
        "last_name": "Thomas",
        "gender": "Female",
        "brand": "Toyota",
        "year": 2005,
        "color": "White",
        "country": "IT"
    },
    {
        "id": 8,
        "first_name": "Erin",
        "last_name": "Ruiz",
        "gender": "Female",
        "brand": "Volkswagen",
        "year": 2018,
        "color": "Orange",
        "country": "NZ"
    },
    {
        "id": 9,
        "first_name": "Danielle",
        "last_name": "Bradley",
        "gender": "Male",
        "brand": "Honda",
        "year": 1987,
        "color": "Purple",
        "country": "JP"
    },
    {
        "id": 10,
        "first_name": "Ryan",
        "last_name": "Bryant",
        "gender": "Female",
        "brand": "Kia",
        "year": 2016,
        "color": "Yellow",
        "country": "ZA"
    },
    {
        "id": 11,
        "first_name": "Mary",
        "last_name": "Stark",
        "gender": "Male",
        "brand": "Ford",
        "year": 1985,
        "color": "Green",
        "country": "CA"
    },
    {
        "id": 12,
        "first_name": "Melinda",
        "last_name": "Combs",
        "gender": "Male",
        "brand": "Audi",
        "year": 1989,
        "color": "Orange",
        "country": "DE"
    },
    {
        "id": 13,
        "first_name": "James",
        "last_name": "Taylor",
        "gender": "Male",
        "brand": "Porsche",
        "year": 1983,
        "color": "Purple",
        "country": "ES"
    },
    {
        "id": 14,
        "first_name": "Taylor",
        "last_name": "Russell",
        "gender": "Male",
        "brand": "Kia",
        "year": 1987,
        "color": "Brown",
        "country": "AU"
    },
    {
        "id": 15,
        "first_name": "Jeffrey",
        "last_name": "Lewis",
        "gender": "Male",
        "brand": "Hyundai",
        "year": 1996,
        "color": "Yellow",
        "country": "DE"
    },
    {
        "id": 16,
        "first_name": "Robert",
        "last_name": "Quinn",
        "gender": "Female",
        "brand": "Honda",
        "year": 1995,
        "color": "Green",
        "country": "KR"
    },
    {
        "id": 17,
        "first_name": "Theresa",
        "last_name": "Berg",
        "gender": "Male",
        "brand": "Porsche",
        "year": 2019,
        "color": "White",
        "country": "KR"
    },
    {
        "id": 18,
        "first_name": "Larry",
        "last_name": "Murray",
        "gender": "Male",
        "brand": "Nissan",
        "year": 2012,
        "color": "Red",
        "country": "DE"
    },
    {
        "id": 19,
        "first_name": "Melanie",
        "last_name": "Brown",
        "gender": "Male",
        "brand": "Jaguar",
        "year": 1991,
        "color": "Silver",
        "country": "BR"
    },
    {
        "id": 20,
        "first_name": "Heather",
        "last_name": "Brooks",
        "gender": "Male",
        "brand": "Hyundai",
        "year": 2015,
        "color": "Purple",
        "country": "US"
    },
    {
        "id": 21,
        "first_name": "Mark",
        "last_name": "Miller",
        "gender": "Male",
        "brand": "Jaguar",
        "year": 1987,
        "color": "Brown",
        "country": "CN"
    },
    {
        "id": 22,
        "first_name": "David",
        "last_name": "Martinez",
        "gender": "Male",
        "brand": "Ford",
        "year": 1989,
        "color": "Green",
        "country": "CA"
    },
    {
        "id": 23,
        "first_name": "Andrea",
        "last_name": "Patterson",
        "gender": "Female",
        "brand": "Porsche",
        "year": 2003,
        "color": "White",
        "country": "UK"
    },
    {
        "id": 24,
        "first_name": "Lindsey",
        "last_name": "Ford",
        "gender": "Female",
        "brand": "Toyota",
        "year": 1996,
        "color": "Yellow",
        "country": "DE"
    },
    {
        "id": 25,
        "first_name": "Lauren",
        "last_name": "Jones",
        "gender": "Male",
        "brand": "Mazda",
        "year": 2010,
        "color": "Orange",
        "country": "JP"
    },
    {
        "id": 26,
        "first_name": "Wesley",
        "last_name": "Lee",
        "gender": "Female",
        "brand": "Chevrolet",
        "year": 2003,
        "color": "Silver",
        "country": "BR"
    },
    {
        "id": 27,
        "first_name": "Russell",
        "last_name": "Hoffman",
        "gender": "Male",
        "brand": "Volkswagen",
        "year": 2018,
        "color": "Green",
        "country": "UK"
    },
    {
        "id": 28,
        "first_name": "Hunter",
        "last_name": "Alexander",
        "gender": "Male",
        "brand": "Mazda",
        "year": 1990,
        "color": "White",
        "country": "ZA"
    },
    {
        "id": 29,
        "first_name": "Kimberly",
        "last_name": "Farmer",
        "gender": "Female",
        "brand": "BMW",
        "year": 1988,
        "color": "Brown",
        "country": "US"
    },
    {
        "id": 30,
        "first_name": "Michael",
        "last_name": "Cooper",
        "gender": "Female",
        "brand": "Kia",
        "year": 2006,
        "color": "Yellow",
        "country": "JP"
    },
    {
        "id": 31,
        "first_name": "Robert",
        "last_name": "Arellano",
        "gender": "Male",
        "brand": "Honda",
        "year": 1980,
        "color": "Silver",
        "country": "DE"
    },
    {
        "id": 32,
        "first_name": "Paul",
        "last_name": "Stout",
        "gender": "Male",
        "brand": "Volkswagen",
        "year": 1983,
        "color": "Black",
        "country": "JP"
    },
    {
        "id": 33,
        "first_name": "Molly",
        "last_name": "Valencia",
        "gender": "Male",
        "brand": "Jaguar",
        "year": 2005,
        "color": "Black",
        "country": "BR"
    },
    {
        "id": 34,
        "first_name": "Hannah",
        "last_name": "Brandt",
        "gender": "Male",
        "brand": "Toyota",
        "year": 2007,
        "color": "Black",
        "country": "CN"
    },
    {
        "id": 35,
        "first_name": "Benjamin",
        "last_name": "Michael",
        "gender": "Male",
        "brand": "Nissan",
        "year": 1981,
        "color": "Black",
        "country": "IN"
    },
    {
        "id": 36,
        "first_name": "Jacob",
        "last_name": "Williams",
        "gender": "Male",
        "brand": "Audi",
        "year": 1987,
        "color": "Brown",
        "country": "IT"
    },
    {
        "id": 37,
        "first_name": "Cassandra",
        "last_name": "Porter",
        "gender": "Male",
        "brand": "Ford",
        "year": 1994,
        "color": "Brown",
        "country": "DE"
    },
    {
        "id": 38,
        "first_name": "Marie",
        "last_name": "Smith",
        "gender": "Male",
        "brand": "BMW",
        "year": 2017,
        "color": "Red",
        "country": "CA"
    },
    {
        "id": 39,
        "first_name": "Jessica",
        "last_name": "Sanchez",
        "gender": "Female",
        "brand": "Hyundai",
        "year": 2022,
        "color": "Orange",
        "country": "CA"
    },
    {
        "id": 40,
        "first_name": "Steven",
        "last_name": "Flowers",
        "gender": "Male",
        "brand": "BMW",
        "year": 2011,
        "color": "Blue",
        "country": "AU"
    },
    {
        "id": 41,
        "first_name": "Carly",
        "last_name": "Lynch",
        "gender": "Male",
        "brand": "Nissan",
        "year": 2001,
        "color": "Orange",
        "country": "AU"
    },
    {
        "id": 42,
        "first_name": "Melissa",
        "last_name": "Meadows",
        "gender": "Female",
        "brand": "Hyundai",
        "year": 1990,
        "color": "Purple",
        "country": "ZA"
    },
    {
        "id": 43,
        "first_name": "Rebekah",
        "last_name": "Young",
        "gender": "Female",
        "brand": "Jaguar",
        "year": 1981,
        "color": "Red",
        "country": "BR"
    },
    {
        "id": 44,
        "first_name": "Regina",
        "last_name": "Fields",
        "gender": "Male",
        "brand": "Toyota",
        "year": 2008,
        "color": "Purple",
        "country": "DE"
    },
    {
        "id": 45,
        "first_name": "Kelly",
        "last_name": "Wheeler",
        "gender": "Female",
        "brand": "Subaru",
        "year": 1990,
        "color": "Blue",
        "country": "ZA"
    },
    {
        "id": 46,
        "first_name": "Jay",
        "last_name": "Hoffman",
        "gender": "Male",
        "brand": "Porsche",
        "year": 1990,
        "color": "Yellow",
        "country": "BR"
    },
    {
        "id": 47,
        "first_name": "Sara",
        "last_name": "Taylor",
        "gender": "Male",
        "brand": "Chevrolet",
        "year": 2017,
        "color": "Blue",
        "country": "FR"
    },
    {
        "id": 48,
        "first_name": "Christopher",
        "last_name": "Romero",
        "gender": "Male",
        "brand": "Mercedes-Benz",
        "year": 2007,
        "color": "Orange",
        "country": "US"
    },
    {
        "id": 49,
        "first_name": "Marissa",
        "last_name": "Hernandez",
        "gender": "Female",
        "brand": "Volkswagen",
        "year": 2021,
        "color": "White",
        "country": "KR"
    },
    {
        "id": 50,
        "first_name": "Glen",
        "last_name": "Mcfarland",
        "gender": "Female",
        "brand": "Mercedes-Benz",
        "year": 2006,
        "color": "Yellow",
        "country": "IN"
    },
    {
        "id": 51,
        "first_name": "Michael",
        "last_name": "Guerra",
        "gender": "Male",
        "brand": "Toyota",
        "year": 2003,
        "color": "Blue",
        "country": "US"
    },
    {
        "id": 52,
        "first_name": "Jeremiah",
        "last_name": "Knight",
        "gender": "Female",
        "brand": "Nissan",
        "year": 2017,
        "color": "Blue",
        "country": "US"
    },
    {
        "id": 53,
        "first_name": "Carlos",
        "last_name": "Joyce",
        "gender": "Male",
        "brand": "Volkswagen",
        "year": 1994,
        "color": "Purple",
        "country": "AU"
    },
    {
        "id": 54,
        "first_name": "Keith",
        "last_name": "Jones",
        "gender": "Female",
        "brand": "Porsche",
        "year": 1986,
        "color": "White",
        "country": "US"
    },
    {
        "id": 55,
        "first_name": "Marc",
        "last_name": "Jones",
        "gender": "Female",
        "brand": "Honda",
        "year": 1981,
        "color": "Green",
        "country": "IT"
    },
    {
        "id": 56,
        "first_name": "Crystal",
        "last_name": "Parks",
        "gender": "Female",
        "brand": "Audi",
        "year": 2018,
        "color": "Purple",
        "country": "US"
    },
    {
        "id": 57,
        "first_name": "Stephen",
        "last_name": "Hill",
        "gender": "Male",
        "brand": "Jaguar",
        "year": 2005,
        "color": "Purple",
        "country": "ES"
    },
    {
        "id": 58,
        "first_name": "Maria",
        "last_name": "Morales",
        "gender": "Male",
        "brand": "Ford",
        "year": 2003,
        "color": "Red",
        "country": "ZA"
    },
    {
        "id": 59,
        "first_name": "Brandy",
        "last_name": "Garcia",
        "gender": "Female",
        "brand": "Jaguar",
        "year": 2006,
        "color": "White",
        "country": "DE"
    },
    {
        "id": 60,
        "first_name": "Patricia",
        "last_name": "Gonzalez",
        "gender": "Male",
        "brand": "Volkswagen",
        "year": 2015,
        "color": "Red",
        "country": "KR"
    },
    {
        "id": 61,
        "first_name": "Candace",
        "last_name": "White",
        "gender": "Male",
        "brand": "Chevrolet",
        "year": 2023,
        "color": "Red",
        "country": "AU"
    },
    {
        "id": 62,
        "first_name": "Toni",
        "last_name": "Gordon",
        "gender": "Female",
        "brand": "Porsche",
        "year": 2020,
        "color": "White",
        "country": "US"
    },
    {
        "id": 63,
        "first_name": "Anne",
        "last_name": "Melendez",
        "gender": "Male",
        "brand": "Porsche",
        "year": 1990,
        "color": "White",
        "country": "ZA"
    },
    {
        "id": 64,
        "first_name": "Steven",
        "last_name": "Bray",
        "gender": "Female",
        "brand": "Volkswagen",
        "year": 2009,
        "color": "Silver",
        "country": "UK"
    },
    {
        "id": 65,
        "first_name": "Daniel",
        "last_name": "Williams",
        "gender": "Male",
        "brand": "Subaru",
        "year": 1983,
        "color": "Orange",
        "country": "DE"
    },
    {
        "id": 66,
        "first_name": "Lauren",
        "last_name": "Clark",
        "gender": "Female",
        "brand": "Porsche",
        "year": 1987,
        "color": "Green",
        "country": "ES"
    },
    {
        "id": 67,
        "first_name": "Heather",
        "last_name": "Hartman",
        "gender": "Male",
        "brand": "Jaguar",
        "year": 2020,
        "color": "Silver",
        "country": "CA"
    },
    {
        "id": 68,
        "first_name": "Aaron",
        "last_name": "Aguilar",
        "gender": "Male",
        "brand": "Porsche",
        "year": 2008,
        "color": "Green",
        "country": "NZ"
    },
    {
        "id": 69,
        "first_name": "Sarah",
        "last_name": "Reed",
        "gender": "Female",
        "brand": "Audi",
        "year": 1981,
        "color": "Red",
        "country": "ES"
    },
    {
        "id": 70,
        "first_name": "Sheila",
        "last_name": "Stewart",
        "gender": "Male",
        "brand": "Ford",
        "year": 2004,
        "color": "White",
        "country": "CA"
    },
    {
        "id": 71,
        "first_name": "Stephen",
        "last_name": "Mcpherson",
        "gender": "Male",
        "brand": "Honda",
        "year": 2004,
        "color": "Red",
        "country": "UK"
    },
    {
        "id": 72,
        "first_name": "Gregory",
        "last_name": "Bradley",
        "gender": "Female",
        "brand": "Chevrolet",
        "year": 1984,
        "color": "Green",
        "country": "US"
    },
    {
        "id": 73,
        "first_name": "Evelyn",
        "last_name": "Hernandez",
        "gender": "Male",
        "brand": "Ford",
        "year": 2004,
        "color": "Brown",
        "country": "CN"
    },
    {
        "id": 74,
        "first_name": "Grant",
        "last_name": "Hill",
        "gender": "Male",
        "brand": "Ford",
        "year": 2016,
        "color": "Yellow",
        "country": "IN"
    },
    {
        "id": 75,
        "first_name": "Joseph",
        "last_name": "Young",
        "gender": "Female",
        "brand": "Porsche",
        "year": 1993,
        "color": "Yellow",
        "country": "NZ"
    },
    {
        "id": 76,
        "first_name": "Brandon",
        "last_name": "Miller",
        "gender": "Female",
        "brand": "Hyundai",
        "year": 2013,
        "color": "White",
        "country": "CN"
    },
    {
        "id": 77,
        "first_name": "Christina",
        "last_name": "Griffin",
        "gender": "Female",
        "brand": "Hyundai",
        "year": 2023,
        "color": "Yellow",
        "country": "ZA"
    },
    {
        "id": 78,
        "first_name": "Marisa",
        "last_name": "Boyd",
        "gender": "Male",
        "brand": "Chevrolet",
        "year": 2015,
        "color": "Purple",
        "country": "AU"
    },
    {
        "id": 79,
        "first_name": "Ebony",
        "last_name": "Ortiz",
        "gender": "Female",
        "brand": "Subaru",
        "year": 1994,
        "color": "Purple",
        "country": "IN"
    },
    {
        "id": 80,
        "first_name": "Zoe",
        "last_name": "Cunningham",
        "gender": "Female",
        "brand": "Kia",
        "year": 2001,
        "color": "Black",
        "country": "DE"
    },
    {
        "id": 81,
        "first_name": "Alicia",
        "last_name": "Mitchell",
        "gender": "Female",
        "brand": "Porsche",
        "year": 2015,
        "color": "White",
        "country": "IN"
    },
    {
        "id": 82,
        "first_name": "Christopher",
        "last_name": "Hudson",
        "gender": "Male",
        "brand": "Mazda",
        "year": 2013,
        "color": "Orange",
        "country": "CN"
    },
    {
        "id": 83,
        "first_name": "Jonathan",
        "last_name": "Osborne",
        "gender": "Male",
        "brand": "Ford",
        "year": 2018,
        "color": "Blue",
        "country": "UK"
    },
    {
        "id": 84,
        "first_name": "Matthew",
        "last_name": "Smith",
        "gender": "Male",
        "brand": "Mercedes-Benz",
        "year": 2001,
        "color": "Green",
        "country": "KR"
    },
    {
        "id": 85,
        "first_name": "Gregory",
        "last_name": "Mann",
        "gender": "Female",
        "brand": "Ford",
        "year": 2009,
        "color": "Purple",
        "country": "IT"
    },
    {
        "id": 86,
        "first_name": "Kristen",
        "last_name": "King",
        "gender": "Female",
        "brand": "Honda",
        "year": 2014,
        "color": "Orange",
        "country": "AU"
    },
    {
        "id": 87,
        "first_name": "Nicole",
        "last_name": "Dominguez",
        "gender": "Male",
        "brand": "Subaru",
        "year": 2011,
        "color": "Green",
        "country": "UK"
    },
    {
        "id": 88,
        "first_name": "Christine",
        "last_name": "Smith",
        "gender": "Female",
        "brand": "Mazda",
        "year": 2007,
        "color": "Yellow",
        "country": "US"
    },
    {
        "id": 89,
        "first_name": "Jennifer",
        "last_name": "Anderson",
        "gender": "Male",
        "brand": "Porsche",
        "year": 2023,
        "color": "White",
        "country": "UK"
    },
    {
        "id": 90,
        "first_name": "Patrick",
        "last_name": "Cox",
        "gender": "Female",
        "brand": "Audi",
        "year": 1997,
        "color": "Silver",
        "country": "ZA"
    },
    {
        "id": 91,
        "first_name": "Elizabeth",
        "last_name": "Roberson",
        "gender": "Male",
        "brand": "Chevrolet",
        "year": 1980,
        "color": "Green",
        "country": "DE"
    },
    {
        "id": 92,
        "first_name": "Valerie",
        "last_name": "Rogers",
        "gender": "Male",
        "brand": "Kia",
        "year": 1992,
        "color": "Purple",
        "country": "IN"
    },
    {
        "id": 93,
        "first_name": "Laura",
        "last_name": "Burgess",
        "gender": "Male",
        "brand": "Honda",
        "year": 2008,
        "color": "Red",
        "country": "ZA"
    },
    {
        "id": 94,
        "first_name": "Sherry",
        "last_name": "Garza",
        "gender": "Female",
        "brand": "Porsche",
        "year": 2001,
        "color": "Blue",
        "country": "IT"
    },
    {
        "id": 95,
        "first_name": "William",
        "last_name": "Little",
        "gender": "Male",
        "brand": "Hyundai",
        "year": 1995,
        "color": "Green",
        "country": "AU"
    },
    {
        "id": 96,
        "first_name": "Brooke",
        "last_name": "Wolf",
        "gender": "Male",
        "brand": "Audi",
        "year": 2013,
        "color": "Purple",
        "country": "UK"
    },
    {
        "id": 97,
        "first_name": "Steven",
        "last_name": "Simpson",
        "gender": "Male",
        "brand": "Kia",
        "year": 1985,
        "color": "Silver",
        "country": "DE"
    },
    {
        "id": 98,
        "first_name": "Rita",
        "last_name": "Gomez",
        "gender": "Male",
        "brand": "Hyundai",
        "year": 1982,
        "color": "Orange",
        "country": "AU"
    },
    {
        "id": 99,
        "first_name": "Joseph",
        "last_name": "Wyatt",
        "gender": "Male",
        "brand": "Chevrolet",
        "year": 2008,
        "color": "Yellow",
        "country": "ZA"
    },
    {
        "id": 100,
        "first_name": "Heather",
        "last_name": "Ray",
        "gender": "Female",
        "brand": "Chevrolet",
        "year": 2014,
        "color": "Blue",
        "country": "JP"
    },
    {
        "id": 101,
        "first_name": "Christopher",
        "last_name": "Evans",
        "gender": "Male",
        "brand": "Audi",
        "year": 1983,
        "color": "White",
        "country": "DE"
    },
    {
        "id": 102,
        "first_name": "Yvonne",
        "last_name": "Roberts",
        "gender": "Female",
        "brand": "Mazda",
        "year": 2020,
        "color": "Green",
        "country": "CN"
    },
    {
        "id": 103,
        "first_name": "Jill",
        "last_name": "Henderson",
        "gender": "Male",
        "brand": "Hyundai",
        "year": 1995,
        "color": "White",
        "country": "AU"
    },
    {
        "id": 104,
        "first_name": "Brenda",
        "last_name": "Thomas",
        "gender": "Male",
        "brand": "Ford",
        "year": 2017,
        "color": "Red",
        "country": "IN"
    },
    {
        "id": 105,
        "first_name": "Katelyn",
        "last_name": "Ray",
        "gender": "Male",
        "brand": "Honda",
        "year": 2006,
        "color": "Red",
        "country": "AU"
    },
    {
        "id": 106,
        "first_name": "Carmen",
        "last_name": "Flores",
        "gender": "Female",
        "brand": "Nissan",
        "year": 2001,
        "color": "Orange",
        "country": "KR"
    },
    {
        "id": 107,
        "first_name": "Jennifer",
        "last_name": "Willis",
        "gender": "Male",
        "brand": "Mazda",
        "year": 2007,
        "color": "Brown",
        "country": "ES"
    },
    {
        "id": 108,
        "first_name": "Janice",
        "last_name": "Rose",
        "gender": "Female",
        "brand": "Kia",
        "year": 1984,
        "color": "Brown",
        "country": "NZ"
    },
    {
        "id": 109,
        "first_name": "Misty",
        "last_name": "Gardner",
        "gender": "Male",
        "brand": "Kia",
        "year": 2023,
        "color": "Orange",
        "country": "FR"
    },
    {
        "id": 110,
        "first_name": "Mark",
        "last_name": "Lawrence",
        "gender": "Female",
        "brand": "Hyundai",
        "year": 1993,
        "color": "Blue",
        "country": "DE"
    },
    {
        "id": 111,
        "first_name": "Donna",
        "last_name": "Daniel",
        "gender": "Female",
        "brand": "Audi",
        "year": 2006,
        "color": "Brown",
        "country": "BR"
    },
    {
        "id": 112,
        "first_name": "Mathew",
        "last_name": "Dunn",
        "gender": "Male",
        "brand": "Volkswagen",
        "year": 1994,
        "color": "Black",
        "country": "DE"
    },
    {
        "id": 113,
        "first_name": "Sarah",
        "last_name": "Mendez",
        "gender": "Male",
        "brand": "Chevrolet",
        "year": 2010,
        "color": "Orange",
        "country": "IT"
    },
    {
        "id": 114,
        "first_name": "Daniel",
        "last_name": "Casey",
        "gender": "Female",
        "brand": "Hyundai",
        "year": 2015,
        "color": "Purple",
        "country": "US"
    },
    {
        "id": 115,
        "first_name": "Diane",
        "last_name": "Hernandez",
        "gender": "Female",
        "brand": "Jaguar",
        "year": 2001,
        "color": "Orange",
        "country": "FR"
    },
    {
        "id": 116,
        "first_name": "Elizabeth",
        "last_name": "Rosario",
        "gender": "Female",
        "brand": "BMW",
        "year": 2003,
        "color": "Green",
        "country": "ES"
    },
    {
        "id": 117,
        "first_name": "Pamela",
        "last_name": "Johnson",
        "gender": "Female",
        "brand": "Volkswagen",
        "year": 1994,
        "color": "Black",
        "country": "ZA"
    },
    {
        "id": 118,
        "first_name": "Angela",
        "last_name": "Wood",
        "gender": "Female",
        "brand": "Chevrolet",
        "year": 1996,
        "color": "Yellow",
        "country": "BR"
    },
    {
        "id": 119,
        "first_name": "Christopher",
        "last_name": "Williams",
        "gender": "Female",
        "brand": "Ford",
        "year": 1988,
        "color": "Purple",
        "country": "NZ"
    },
    {
        "id": 120,
        "first_name": "Taylor",
        "last_name": "Martin",
        "gender": "Male",
        "brand": "Nissan",
        "year": 2019,
        "color": "Yellow",
        "country": "DE"
    },
    {
        "id": 121,
        "first_name": "Evan",
        "last_name": "Alexander",
        "gender": "Female",
        "brand": "Honda",
        "year": 2022,
        "color": "Purple",
        "country": "KR"
    },
    {
        "id": 122,
        "first_name": "Cassie",
        "last_name": "Delgado",
        "gender": "Female",
        "brand": "Nissan",
        "year": 2016,
        "color": "Silver",
        "country": "ES"
    },
    {
        "id": 123,
        "first_name": "Edwin",
        "last_name": "Schmidt",
        "gender": "Female",
        "brand": "Chevrolet",
        "year": 1999,
        "color": "Brown",
        "country": "AU"
    },
    {
        "id": 124,
        "first_name": "Sarah",
        "last_name": "Sullivan",
        "gender": "Male",
        "brand": "Audi",
        "year": 1982,
        "color": "Brown",
        "country": "US"
    },
    {
        "id": 125,
        "first_name": "Valerie",
        "last_name": "Gaines",
        "gender": "Male",
        "brand": "Porsche",
        "year": 2010,
        "color": "Yellow",
        "country": "AU"
    },
    {
        "id": 126,
        "first_name": "Pamela",
        "last_name": "Rasmussen",
        "gender": "Female",
        "brand": "Subaru",
        "year": 2003,
        "color": "White",
        "country": "CA"
    },
    {
        "id": 127,
        "first_name": "Melissa",
        "last_name": "Nolan",
        "gender": "Female",
        "brand": "Jaguar",
        "year": 1992,
        "color": "Blue",
        "country": "KR"
    },
    {
        "id": 128,
        "first_name": "Susan",
        "last_name": "Gomez",
        "gender": "Male",
        "brand": "Jaguar",
        "year": 2006,
        "color": "Brown",
        "country": "CA"
    },
    {
        "id": 129,
        "first_name": "Joan",
        "last_name": "Price",
        "gender": "Female",
        "brand": "Subaru",
        "year": 2002,
        "color": "Purple",
        "country": "US"
    },
    {
        "id": 130,
        "first_name": "Richard",
        "last_name": "Jackson",
        "gender": "Male",
        "brand": "Kia",
        "year": 1981,
        "color": "Green",
        "country": "ZA"
    },
    {
        "id": 131,
        "first_name": "Stephanie",
        "last_name": "Rhodes",
        "gender": "Male",
        "brand": "Kia",
        "year": 2007,
        "color": "White",
        "country": "CN"
    },
    {
        "id": 132,
        "first_name": "Cassandra",
        "last_name": "Cruz",
        "gender": "Female",
        "brand": "Subaru",
        "year": 1995,
        "color": "Red",
        "country": "CA"
    },
    {
        "id": 133,
        "first_name": "Amber",
        "last_name": "Leach",
        "gender": "Female",
        "brand": "Honda",
        "year": 2001,
        "color": "Red",
        "country": "KR"
    },
    {
        "id": 134,
        "first_name": "Jennifer",
        "last_name": "Alexander",
        "gender": "Female",
        "brand": "Ford",
        "year": 2021,
        "color": "Silver",
        "country": "AU"
    },
    {
        "id": 135,
        "first_name": "Ann",
        "last_name": "Palmer",
        "gender": "Female",
        "brand": "Ford",
        "year": 1998,
        "color": "Red",
        "country": "UK"
    },
    {
        "id": 136,
        "first_name": "Jessica",
        "last_name": "Brown",
        "gender": "Female",
        "brand": "Mercedes-Benz",
        "year": 1997,
        "color": "Green",
        "country": "UK"
    },
    {
        "id": 137,
        "first_name": "Austin",
        "last_name": "Wolf",
        "gender": "Female",
        "brand": "Mercedes-Benz",
        "year": 2012,
        "color": "Purple",
        "country": "NZ"
    },
    {
        "id": 138,
        "first_name": "Danny",
        "last_name": "Knight",
        "gender": "Female",
        "brand": "Mazda",
        "year": 2014,
        "color": "Green",
        "country": "NZ"
    },
    {
        "id": 139,
        "first_name": "Ashley",
        "last_name": "Yang",
        "gender": "Female",
        "brand": "Nissan",
        "year": 1984,
        "color": "Yellow",
        "country": "AU"
    },
    {
        "id": 140,
        "first_name": "Natasha",
        "last_name": "Eaton",
        "gender": "Male",
        "brand": "Chevrolet",
        "year": 1987,
        "color": "Brown",
        "country": "CN"
    },
    {
        "id": 141,
        "first_name": "David",
        "last_name": "Wright",
        "gender": "Female",
        "brand": "Mercedes-Benz",
        "year": 2008,
        "color": "Orange",
        "country": "IN"
    },
    {
        "id": 142,
        "first_name": "Timothy",
        "last_name": "Wolfe",
        "gender": "Female",
        "brand": "Porsche",
        "year": 2018,
        "color": "Silver",
        "country": "FR"
    },
    {
        "id": 143,
        "first_name": "Isabel",
        "last_name": "Smith",
        "gender": "Female",
        "brand": "Subaru",
        "year": 2022,
        "color": "Red",
        "country": "DE"
    },
    {
        "id": 144,
        "first_name": "Wayne",
        "last_name": "Knox",
        "gender": "Male",
        "brand": "Mercedes-Benz",
        "year": 1999,
        "color": "Green",
        "country": "CA"
    },
    {
        "id": 145,
        "first_name": "Tamara",
        "last_name": "Alexander",
        "gender": "Male",
        "brand": "Porsche",
        "year": 1996,
        "color": "Brown",
        "country": "NZ"
    },
    {
        "id": 146,
        "first_name": "John",
        "last_name": "Reid",
        "gender": "Female",
        "brand": "Kia",
        "year": 2000,
        "color": "Yellow",
        "country": "BR"
    },
    {
        "id": 147,
        "first_name": "Kelly",
        "last_name": "Martinez",
        "gender": "Female",
        "brand": "Toyota",
        "year": 2000,
        "color": "Silver",
        "country": "AU"
    },
    {
        "id": 148,
        "first_name": "Corey",
        "last_name": "Lewis",
        "gender": "Male",
        "brand": "Audi",
        "year": 2017,
        "color": "Orange",
        "country": "CA"
    },
    {
        "id": 149,
        "first_name": "Sarah",
        "last_name": "Riddle",
        "gender": "Female",
        "brand": "Porsche",
        "year": 1996,
        "color": "Green",
        "country": "DE"
    },
    {
        "id": 150,
        "first_name": "Tina",
        "last_name": "Mcguire",
        "gender": "Female",
        "brand": "Volkswagen",
        "year": 2004,
        "color": "Brown",
        "country": "ES"
    },
    {
        "id": 151,
        "first_name": "Donna",
        "last_name": "Bentley",
        "gender": "Female",
        "brand": "Kia",
        "year": 1982,
        "color": "Red",
        "country": "KR"
    },
    {
        "id": 152,
        "first_name": "Amanda",
        "last_name": "Brown",
        "gender": "Female",
        "brand": "Chevrolet",
        "year": 2002,
        "color": "Purple",
        "country": "IN"
    },
    {
        "id": 153,
        "first_name": "Brenda",
        "last_name": "Moss",
        "gender": "Female",
        "brand": "BMW",
        "year": 1984,
        "color": "Blue",
        "country": "IT"
    },
    {
        "id": 154,
        "first_name": "Mary",
        "last_name": "Holmes",
        "gender": "Male",
        "brand": "Audi",
        "year": 2017,
        "color": "White",
        "country": "NZ"
    },
    {
        "id": 155,
        "first_name": "Tina",
        "last_name": "Potts",
        "gender": "Female",
        "brand": "Mercedes-Benz",
        "year": 1990,
        "color": "Yellow",
        "country": "JP"
    },
    {
        "id": 156,
        "first_name": "Robert",
        "last_name": "Roberts",
        "gender": "Male",
        "brand": "Chevrolet",
        "year": 2017,
        "color": "Brown",
        "country": "BR"
    },
    {
        "id": 157,
        "first_name": "Thomas",
        "last_name": "Adams",
        "gender": "Male",
        "brand": "Chevrolet",
        "year": 1993,
        "color": "Brown",
        "country": "ZA"
    },
    {
        "id": 158,
        "first_name": "Nathan",
        "last_name": "Perez",
        "gender": "Male",
        "brand": "Volkswagen",
        "year": 1985,
        "color": "Orange",
        "country": "ES"
    },
    {
        "id": 159,
        "first_name": "John",
        "last_name": "Ward",
        "gender": "Female",
        "brand": "Porsche",
        "year": 2015,
        "color": "Orange",
        "country": "US"
    },
    {
        "id": 160,
        "first_name": "Maria",
        "last_name": "Huynh",
        "gender": "Female",
        "brand": "BMW",
        "year": 1996,
        "color": "Purple",
        "country": "IT"
    },
    {
        "id": 161,
        "first_name": "Aaron",
        "last_name": "Jones",
        "gender": "Female",
        "brand": "Audi",
        "year": 2009,
        "color": "Black",
        "country": "JP"
    },
    {
        "id": 162,
        "first_name": "Aaron",
        "last_name": "Davis",
        "gender": "Female",
        "brand": "Honda",
        "year": 2009,
        "color": "Silver",
        "country": "AU"
    },
    {
        "id": 163,
        "first_name": "Denise",
        "last_name": "Reyes",
        "gender": "Male",
        "brand": "BMW",
        "year": 2021,
        "color": "Green",
        "country": "UK"
    },
    {
        "id": 164,
        "first_name": "Robert",
        "last_name": "Mcconnell",
        "gender": "Male",
        "brand": "Audi",
        "year": 1991,
        "color": "Green",
        "country": "CN"
    },
    {
        "id": 165,
        "first_name": "Karen",
        "last_name": "Roman",
        "gender": "Female",
        "brand": "Ford",
        "year": 2013,
        "color": "Blue",
        "country": "ES"
    },
    {
        "id": 166,
        "first_name": "Donna",
        "last_name": "Martin",
        "gender": "Male",
        "brand": "Subaru",
        "year": 1985,
        "color": "Purple",
        "country": "AU"
    },
    {
        "id": 167,
        "first_name": "Mary",
        "last_name": "Dickerson",
        "gender": "Female",
        "brand": "Honda",
        "year": 1989,
        "color": "White",
        "country": "ZA"
    },
    {
        "id": 168,
        "first_name": "Dustin",
        "last_name": "Smith",
        "gender": "Female",
        "brand": "Hyundai",
        "year": 2020,
        "color": "White",
        "country": "AU"
    },
    {
        "id": 169,
        "first_name": "Charles",
        "last_name": "Harris",
        "gender": "Male",
        "brand": "Jaguar",
        "year": 2004,
        "color": "Purple",
        "country": "ZA"
    },
    {
        "id": 170,
        "first_name": "Sean",
        "last_name": "King",
        "gender": "Male",
        "brand": "Toyota",
        "year": 1996,
        "color": "Silver",
        "country": "AU"
    },
    {
        "id": 171,
        "first_name": "Christopher",
        "last_name": "Howard",
        "gender": "Male",
        "brand": "Volkswagen",
        "year": 2010,
        "color": "Green",
        "country": "ZA"
    },
    {
        "id": 172,
        "first_name": "Alan",
        "last_name": "Carson",
        "gender": "Male",
        "brand": "Toyota",
        "year": 2016,
        "color": "Silver",
        "country": "IT"
    },
    {
        "id": 173,
        "first_name": "Stephanie",
        "last_name": "Olsen",
        "gender": "Female",
        "brand": "Mazda",
        "year": 2010,
        "color": "Red",
        "country": "US"
    },
    {
        "id": 174,
        "first_name": "James",
        "last_name": "Forbes",
        "gender": "Female",
        "brand": "Volkswagen",
        "year": 1987,
        "color": "Blue",
        "country": "KR"
    },
    {
        "id": 175,
        "first_name": "Erin",
        "last_name": "Fuller",
        "gender": "Female",
        "brand": "Nissan",
        "year": 2011,
        "color": "Blue",
        "country": "JP"
    },
    {
        "id": 176,
        "first_name": "Kathryn",
        "last_name": "Graham",
        "gender": "Female",
        "brand": "Honda",
        "year": 1980,
        "color": "Silver",
        "country": "BR"
    },
    {
        "id": 177,
        "first_name": "Jonathan",
        "last_name": "Torres",
        "gender": "Male",
        "brand": "Porsche",
        "year": 1993,
        "color": "Red",
        "country": "IN"
    },
    {
        "id": 178,
        "first_name": "Cassandra",
        "last_name": "Snyder",
        "gender": "Male",
        "brand": "BMW",
        "year": 2015,
        "color": "Green",
        "country": "UK"
    },
    {
        "id": 179,
        "first_name": "Ryan",
        "last_name": "Diaz",
        "gender": "Male",
        "brand": "Chevrolet",
        "year": 2008,
        "color": "Red",
        "country": "BR"
    },
    {
        "id": 180,
        "first_name": "Paul",
        "last_name": "Curry",
        "gender": "Female",
        "brand": "Subaru",
        "year": 1999,
        "color": "Purple",
        "country": "KR"
    },
    {
        "id": 181,
        "first_name": "Crystal",
        "last_name": "Hernandez",
        "gender": "Male",
        "brand": "Jaguar",
        "year": 1994,
        "color": "Purple",
        "country": "DE"
    },
    {
        "id": 182,
        "first_name": "Sean",
        "last_name": "Cunningham",
        "gender": "Male",
        "brand": "Nissan",
        "year": 1991,
        "color": "White",
        "country": "AU"
    },
    {
        "id": 183,
        "first_name": "Charles",
        "last_name": "Greer",
        "gender": "Male",
        "brand": "Porsche",
        "year": 1986,
        "color": "White",
        "country": "ES"
    },
    {
        "id": 184,
        "first_name": "David",
        "last_name": "Mills",
        "gender": "Male",
        "brand": "Kia",
        "year": 2013,
        "color": "Green",
        "country": "ES"
    },
    {
        "id": 185,
        "first_name": "Eric",
        "last_name": "Clark",
        "gender": "Female",
        "brand": "Nissan",
        "year": 1983,
        "color": "Green",
        "country": "NZ"
    },
    {
        "id": 186,
        "first_name": "Amanda",
        "last_name": "Edwards",
        "gender": "Female",
        "brand": "Honda",
        "year": 2009,
        "color": "Black",
        "country": "ES"
    },
    {
        "id": 187,
        "first_name": "Joanne",
        "last_name": "Pearson",
        "gender": "Male",
        "brand": "Porsche",
        "year": 1997,
        "color": "Brown",
        "country": "IN"
    },
    {
        "id": 188,
        "first_name": "Juan",
        "last_name": "Peterson",
        "gender": "Male",
        "brand": "Audi",
        "year": 2001,
        "color": "Purple",
        "country": "DE"
    },
    {
        "id": 189,
        "first_name": "Bradley",
        "last_name": "Valentine",
        "gender": "Female",
        "brand": "Hyundai",
        "year": 1981,
        "color": "Yellow",
        "country": "CN"
    },
    {
        "id": 190,
        "first_name": "Katherine",
        "last_name": "Harris",
        "gender": "Male",
        "brand": "Honda",
        "year": 2014,
        "color": "Silver",
        "country": "IN"
    },
    {
        "id": 191,
        "first_name": "Nicole",
        "last_name": "Brooks",
        "gender": "Female",
        "brand": "Jaguar",
        "year": 2015,
        "color": "Orange",
        "country": "AU"
    },
    {
        "id": 192,
        "first_name": "Sherry",
        "last_name": "Faulkner",
        "gender": "Male",
        "brand": "Nissan",
        "year": 2015,
        "color": "Red",
        "country": "AU"
    },
    {
        "id": 193,
        "first_name": "Anita",
        "last_name": "Clark",
        "gender": "Female",
        "brand": "Toyota",
        "year": 2022,
        "color": "Blue",
        "country": "JP"
    },
    {
        "id": 194,
        "first_name": "Olivia",
        "last_name": "Washington",
        "gender": "Female",
        "brand": "Subaru",
        "year": 1984,
        "color": "Blue",
        "country": "AU"
    },
    {
        "id": 195,
        "first_name": "Charles",
        "last_name": "Bailey",
        "gender": "Female",
        "brand": "Mercedes-Benz",
        "year": 2004,
        "color": "White",
        "country": "IN"
    },
    {
        "id": 196,
        "first_name": "Donna",
        "last_name": "Bird",
        "gender": "Male",
        "brand": "Porsche",
        "year": 1982,
        "color": "Yellow",
        "country": "FR"
    },
    {
        "id": 197,
        "first_name": "Joshua",
        "last_name": "Butler",
        "gender": "Male",
        "brand": "Porsche",
        "year": 2022,
        "color": "Blue",
        "country": "DE"
    },
    {
        "id": 198,
        "first_name": "Elizabeth",
        "last_name": "Holder",
        "gender": "Male",
        "brand": "Toyota",
        "year": 2017,
        "color": "Green",
        "country": "IN"
    },
    {
        "id": 199,
        "first_name": "Timothy",
        "last_name": "Sanchez",
        "gender": "Female",
        "brand": "Porsche",
        "year": 1986,
        "color": "Silver",
        "country": "AU"
    },
    {
        "id": 200,
        "first_name": "Austin",
        "last_name": "Nichols",
        "gender": "Male",
        "brand": "Kia",
        "year": 2007,
        "color": "Orange",
        "country": "US"
    }
]